Year,AirTemp
2010,19.56034483
2011,21.36965517
2012,20.07964286
2013,17.8075
2014,16.58333333
2015,19.1662069
2016,19.6003125
2017,17.166
2018,18.38774194
